Region,Subregion,"Violent
crime"
ALABAMA,Autauga,68
ALABAMA,Baldwin,98
ALABAMA,Bibb,4
ALABAMA,Blount,90
ALABAMA,Calhoun,15
ALABAMA,Chilton,79
ALABAMA,Colbert,58
ALABAMA,Elmore,52
ALABAMA,Etowah,86
ALABAMA,Geneva,52
ALABAMA,Hale,14
ALABAMA,Henry,19
ALABAMA,Houston,80
ALABAMA,Lawrence,66
ALABAMA,Limestone,82
ALABAMA,Lowndes,49
ALABAMA,Madison,342
ALABAMA,Mobile,139
ALABAMA,Montgomery,20
ALABAMA,Russell,43
ALABAMA,St. Clair,29
ALABAMA,Tuscaloosa,213
ALABAMA,Walker,103
ALABAMA,Barbour,17
ALABAMA,Bullock,15
ALABAMA,Butler,44
ALABAMA,Chambers,4
ALABAMA,Cherokee,49
ALABAMA,Clarke,72
ALABAMA,Clay,17
ALABAMA,Coffee,28
ALABAMA,Coosa,13
ALABAMA,Covington,22
ALABAMA,Crenshaw,52
ALABAMA,Cullman,84
ALABAMA,Dale,29
ALABAMA,Dallas,65
ALABAMA,DeKalb,128
ALABAMA,Escambia,24
ALABAMA,Franklin,26
ALABAMA,Greene,24
ALABAMA,Jackson,81
ALABAMA,Lamar,16
ALABAMA,Macon,24
ALABAMA,Marengo,33
ALABAMA,Marion,30
ALABAMA,Marshall,47
ALABAMA,Monroe,34
ALABAMA,Pike,15
ALABAMA,Randolph,2
ALABAMA,Talladega,74
ALABAMA,Tallapoosa,19
ALABAMA,Washington,22
ALABAMA,Wilcox,52
ALABAMA,Winston,15
ARIZONA,Coconino,91
ARIZONA,Maricopa,1114
ARIZONA,Mohave,163
ARIZONA,Pima,976
ARIZONA,Pinal,194
ARIZONA,Yuma,152
ARIZONA,Apache,60
ARIZONA,Gila,76
ARIZONA,Graham,118
ARIZONA,La Paz,26
ARIZONA,Navajo,69
ARIZONA,Santa Cruz,8
ARKANSAS,Benton,85
ARKANSAS,Cleveland,2
ARKANSAS,Craighead,29
ARKANSAS,Crawford,52
ARKANSAS,Crittenden,102
ARKANSAS,Faulkner,116
ARKANSAS,Garland,387
ARKANSAS,Grant,18
ARKANSAS,Lincoln,2
ARKANSAS,Lonoke,80
ARKANSAS,Madison,37
ARKANSAS,Miller,35
ARKANSAS,Perry,53
ARKANSAS,Poinsett,3
ARKANSAS,Pulaski,357
ARKANSAS,Saline,213
ARKANSAS,Sebastian,62
ARKANSAS,Washington,163
ARKANSAS,Arkansas,7
ARKANSAS,Ashley,31
ARKANSAS,Baxter,38
ARKANSAS,Boone,50
ARKANSAS,Calhoun,2
ARKANSAS,Carroll,43
ARKANSAS,Chicot,4
ARKANSAS,Clark,10
ARKANSAS,Cleburne,39
ARKANSAS,Columbia,29
ARKANSAS,Conway,28
ARKANSAS,Cross,31
ARKANSAS,Dallas,5
ARKANSAS,Drew,52
ARKANSAS,Franklin,38
ARKANSAS,Fulton,11
ARKANSAS,Greene,18
ARKANSAS,Hempstead,56
ARKANSAS,Howard,4
ARKANSAS,Independence,176
ARKANSAS,Izard,24
ARKANSAS,Jackson,39
ARKANSAS,Johnson,40
ARKANSAS,Lafayette,7
ARKANSAS,Lawrence,11
ARKANSAS,Lee,2
ARKANSAS,Marion,42
ARKANSAS,Mississippi,28
ARKANSAS,Monroe,2
ARKANSAS,Montgomery,20
ARKANSAS,Nevada,5
ARKANSAS,Newton,17
ARKANSAS,Pike,13
ARKANSAS,Polk,35
ARKANSAS,Pope,60
ARKANSAS,Prairie,11
ARKANSAS,Randolph,33
ARKANSAS,Scott,20
ARKANSAS,Searcy,9
ARKANSAS,Sevier,9
ARKANSAS,St. Francis,19
ARKANSAS,Stone,13
ARKANSAS,Union,48
ARKANSAS,Van Buren,34
ARKANSAS,White,86
ARKANSAS,Woodruff,1
ARKANSAS,Yell,39
CALIFORNIA,Alameda4,588
CALIFORNIA,Butte,82
CALIFORNIA,Contra Costa,412
CALIFORNIA,El Dorado,240
CALIFORNIA,Fresno,735
CALIFORNIA,Imperial,214
CALIFORNIA,Kern4,1982
CALIFORNIA,Kings,144
CALIFORNIA,Los Angeles,5091
CALIFORNIA,Madera,383
CALIFORNIA,Marin,91
CALIFORNIA,Merced,465
CALIFORNIA,Monterey,256
CALIFORNIA,Napa,42
CALIFORNIA,Orange4,252
CALIFORNIA,Placer,289
CALIFORNIA,Riverside,749
CALIFORNIA,Sacramento4,2978
CALIFORNIA,San Benito,60
CALIFORNIA,San Bernardino,972
CALIFORNIA,San Diego4,1315
CALIFORNIA,San Joaquin4,698
CALIFORNIA,San Luis Obispo,265
CALIFORNIA,San Mateo,264
CALIFORNIA,Santa Barbara,302
CALIFORNIA,Santa Clara,255
CALIFORNIA,Santa Cruz,286
CALIFORNIA,Shasta4,569
CALIFORNIA,Solano,102
CALIFORNIA,Sonoma,613
CALIFORNIA,Stanislaus,365
CALIFORNIA,Sutter,93
CALIFORNIA,"Tulare4, 5",446
CALIFORNIA,Ventura4,119
CALIFORNIA,Yolo,74
CALIFORNIA,Yuba,205
CALIFORNIA,Alpine,4
CALIFORNIA,Amador,55
CALIFORNIA,Calaveras,106
CALIFORNIA,Colusa,25
CALIFORNIA,Del Norte,102
CALIFORNIA,Glenn,81
CALIFORNIA,Humboldt,202
CALIFORNIA,Inyo,79
CALIFORNIA,Lake,193
CALIFORNIA,Lassen,33
CALIFORNIA,Mariposa,71
CALIFORNIA,Mendocino,310
CALIFORNIA,Modoc,20
CALIFORNIA,Mono,8
CALIFORNIA,Nevada,145
CALIFORNIA,Plumas,90
CALIFORNIA,Sierra,11
CALIFORNIA,Siskiyou4,31
CALIFORNIA,Tehama,156
CALIFORNIA,Trinity,34
CALIFORNIA,Tuolumne,129
COLORADO,Adams,462
COLORADO,Arapahoe,215
COLORADO,Clear Creek,28
COLORADO,Douglas,151
COLORADO,Elbert,0
COLORADO,El Paso,438
COLORADO,Gilpin,10
COLORADO,Jefferson,167
COLORADO,Larimer,109
COLORADO,Mesa,203
COLORADO,Park,18
COLORADO,Pueblo,51
COLORADO,Teller,34
COLORADO,Weld,154
COLORADO,Alamosa,0
COLORADO,Baca,1
COLORADO,Bent,8
COLORADO,Chaffee,4
COLORADO,Cheyenne,2
COLORADO,Conejos,1
COLORADO,Costilla,8
COLORADO,Crowley,3
COLORADO,Custer,4
COLORADO,Delta,4
COLORADO,Dolores,2
COLORADO,Eagle,45
COLORADO,Fremont,42
COLORADO,Garfield,27
COLORADO,Grand,8
COLORADO,Gunnison,1
COLORADO,Hinsdale,0
COLORADO,Huerfano,8
COLORADO,Jackson,0
COLORADO,Kit Carson,4
COLORADO,Lake,5
COLORADO,La Plata,37
COLORADO,Las Animas,1
COLORADO,Lincoln,4
COLORADO,Logan,11
COLORADO,Moffat,0
COLORADO,Montezuma,34
COLORADO,Montrose,33
COLORADO,Morgan,11
COLORADO,Ouray,0
COLORADO,Phillips,3
COLORADO,Pitkin,4
COLORADO,Prowers,2
COLORADO,Rio Blanco,0
COLORADO,Rio Grande,2
COLORADO,Routt,6
COLORADO,Saguache,3
COLORADO,San Juan,1
COLORADO,San Miguel,0
COLORADO,Sedgwick,8
COLORADO,Summit,21
DELAWARE,New Castle County Police Department,875
FLORIDA,Alachua,572
FLORIDA,Baker,136
FLORIDA,Bay,321
FLORIDA,Brevard,735
FLORIDA,Broward,268
FLORIDA,Charlotte,286
FLORIDA,Citrus,486
FLORIDA,Clay,437
FLORIDA,Collier,877
FLORIDA,Escambia,1761
FLORIDA,Flagler,216
FLORIDA,Gadsden,115
FLORIDA,Gilchrist,50
FLORIDA,Gulf,42
FLORIDA,Hernando,405
FLORIDA,Highlands,220
FLORIDA,Hillsborough,1937
FLORIDA,Indian River,285
FLORIDA,Jefferson,123
FLORIDA,Lake,409
FLORIDA,Lee,1275
FLORIDA,Leon,344
FLORIDA,Manatee,1511
FLORIDA,Marion,1038
FLORIDA,Martin,311
FLORIDA,Miami-Dade,6571
FLORIDA,Nassau,55
FLORIDA,Okaloosa,558
FLORIDA,Orange,5551
FLORIDA,Osceola,686
FLORIDA,Palm Beach,2034
FLORIDA,Pasco,1116
FLORIDA,Pinellas,872
FLORIDA,Polk,1237
FLORIDA,Santa Rosa,219
FLORIDA,Sarasota,522
FLORIDA,Seminole,556
FLORIDA,St. Johns,429
FLORIDA,St. Lucie,239
FLORIDA,Sumter,155
FLORIDA,Volusia,697
FLORIDA,Wakulla,86
FLORIDA,Walton,198
FLORIDA,Bradford,85
FLORIDA,Calhoun,17
FLORIDA,Columbia,238
FLORIDA,DeSoto,108
FLORIDA,Dixie,67
FLORIDA,Franklin,26
FLORIDA,Glades,35
FLORIDA,Hamilton,44
FLORIDA,Hardee,49
FLORIDA,Hendry,221
FLORIDA,Holmes,53
FLORIDA,Jackson,115
FLORIDA,Lafayette,22
FLORIDA,Liberty,7
FLORIDA,Madison,110
FLORIDA,Monroe,188
FLORIDA,Okeechobee,135
FLORIDA,Putnam,327
FLORIDA,Suwannee,147
FLORIDA,Taylor,79
FLORIDA,Union,46
FLORIDA,Washington,34
GEORGIA,Bartow,328
GEORGIA,Bibb6,774
GEORGIA,Brantley,31
GEORGIA,Brooks,12
GEORGIA,Bryan,38
GEORGIA,Burke,71
GEORGIA,Butts,39
GEORGIA,Carroll,136
GEORGIA,Catoosa,77
GEORGIA,Chattahoochee,0
GEORGIA,Cherokee,129
GEORGIA,Clarke,4
GEORGIA,Clayton,15
GEORGIA,Clayton County Police Department,1266
GEORGIA,Cobb,0
GEORGIA,Cobb County Police Department,964
GEORGIA,Columbia,66
GEORGIA,Coweta,129
GEORGIA,Crawford,12
GEORGIA,Dade,109
GEORGIA,Dawson,21
GEORGIA,DeKalb,0
GEORGIA,DeKalb County Police Department,3210
GEORGIA,Dougherty,2
GEORGIA,Dougherty County Police Department,18
GEORGIA,Douglas,191
GEORGIA,Echols,4
GEORGIA,Effingham,33
GEORGIA,Fayette,44
GEORGIA,Floyd,17
GEORGIA,Floyd County Police Department,76
GEORGIA,Forsyth,107
GEORGIA,Fulton,3
GEORGIA,Fulton County Police Department,955
GEORGIA,Glynn County Police Department,202
GEORGIA,Gwinnett County Police Department,1418
GEORGIA,Hall,177
GEORGIA,Haralson,140
GEORGIA,Harris,9
GEORGIA,Heard,15
GEORGIA,Henry County Police Department,276
GEORGIA,Houston,64
GEORGIA,Jasper,38
GEORGIA,Jones,25
GEORGIA,Lamar,9
GEORGIA,Lanier,17
GEORGIA,Lee,51
GEORGIA,Liberty,62
GEORGIA,Lincoln,23
GEORGIA,Long,17
GEORGIA,Madison,43
GEORGIA,McDuffie,25
GEORGIA,McIntosh,11
GEORGIA,Monroe,39
GEORGIA,Morgan,5
GEORGIA,Murray,64
GEORGIA,Muscogee,0
GEORGIA,Newton,300
GEORGIA,Oconee,38
GEORGIA,Oglethorpe,59
GEORGIA,Paulding,198
GEORGIA,Peach,21
GEORGIA,Pike,20
GEORGIA,Rockdale,141
GEORGIA,Spalding,111
GEORGIA,Terrell,26
GEORGIA,Twiggs,19
GEORGIA,Walker,187
GEORGIA,Walton,67
GEORGIA,Whitfield,126
GEORGIA,Worth,28
GEORGIA,Baldwin,189
GEORGIA,Banks,13
GEORGIA,Ben Hill,11
GEORGIA,Berrien,8
GEORGIA,Bleckley,16
GEORGIA,Bulloch,38
GEORGIA,Camden,56
GEORGIA,Charlton,8
GEORGIA,Chattooga,32
GEORGIA,Clinch,10
GEORGIA,Coffee,54
GEORGIA,Cook,3
GEORGIA,Crisp,11
GEORGIA,Decatur,42
GEORGIA,Dodge,29
GEORGIA,Dooly,8
GEORGIA,Early,26
GEORGIA,Elbert,24
GEORGIA,Emanuel,11
GEORGIA,Evans,5
GEORGIA,Fannin,20
GEORGIA,Franklin,5
GEORGIA,Gilmer,76
GEORGIA,Glascock,1
GEORGIA,Gordon,112
GEORGIA,Grady,26
GEORGIA,Greene,8
GEORGIA,Habersham,32
GEORGIA,Hart,65
GEORGIA,Irwin,10
GEORGIA,Jackson,58
GEORGIA,Jeff Davis,48
GEORGIA,Jefferson,25
GEORGIA,Laurens,31
GEORGIA,Macon,0
GEORGIA,Miller,0
GEORGIA,Mitchell,39
GEORGIA,Pierce,10
GEORGIA,Polk,0
GEORGIA,Polk County Police Department,50
GEORGIA,Putnam,69
GEORGIA,Quitman,2
GEORGIA,Rabun,5
GEORGIA,Randolph,17
GEORGIA,Schley,5
GEORGIA,Screven,45
GEORGIA,Seminole,9
GEORGIA,Stephens,30
GEORGIA,Stewart,0
GEORGIA,Sumter,22
GEORGIA,Talbot,0
GEORGIA,Tattnall,6
GEORGIA,Taylor,17
GEORGIA,Thomas,38
GEORGIA,Tift,92
GEORGIA,Towns,29
GEORGIA,Treutlen,7
GEORGIA,Troup,58
GEORGIA,Turner,6
GEORGIA,Union,49
GEORGIA,Upson,61
GEORGIA,Ware,104
GEORGIA,Warren,8
GEORGIA,Washington,16
GEORGIA,Wayne,70
GEORGIA,Webster,6
GEORGIA,Wheeler,1
GEORGIA,Wilcox,15
GEORGIA,Wilkes,12
GEORGIA,Wilkinson,11
HAWAII,Maui Police Department,508
IDAHO,Ada,184
IDAHO,Bannock,7
IDAHO,Boise,7
IDAHO,Bonneville,74
IDAHO,Butte,8
IDAHO,Canyon,70
IDAHO,Franklin,1
IDAHO,Gem,5
IDAHO,Jefferson,6
IDAHO,Kootenai,103
IDAHO,Nez Perce,7
IDAHO,Owyhee,10
IDAHO,Adams,5
IDAHO,Bear Lake,7
IDAHO,Benewah,16
IDAHO,Bingham,21
IDAHO,Blaine,1
IDAHO,Bonner,31
IDAHO,Boundary,6
IDAHO,Camas,0
IDAHO,Caribou,0
IDAHO,Cassia,40
IDAHO,Clark,1
IDAHO,Clearwater,19
IDAHO,Custer,1
IDAHO,Elmore,11
IDAHO,Fremont,3
IDAHO,Gooding,12
IDAHO,Idaho,11
IDAHO,Jerome,17
IDAHO,Latah,16
IDAHO,Lemhi,9
IDAHO,Lewis,1
IDAHO,Lincoln,9
IDAHO,Madison,8
IDAHO,Minidoka,11
IDAHO,Oneida,1
IDAHO,Payette,21
IDAHO,Power,1
IDAHO,Shoshone,25
IDAHO,Teton,11
IDAHO,Twin Falls,65
IDAHO,Valley,14
IDAHO,Washington,3
ILLINOIS,Alexander,15
ILLINOIS,Champaign,87
ILLINOIS,Clinton,5
ILLINOIS,Cook,203
ILLINOIS,De Kalb,10
ILLINOIS,De Witt,5
ILLINOIS,Dupage,47
ILLINOIS,Ford,10
ILLINOIS,Henry,3
ILLINOIS,Jackson,28
ILLINOIS,Jersey,9
ILLINOIS,Kane,73
ILLINOIS,Kankakee,49
ILLINOIS,Kendall,25
ILLINOIS,Lake,75
ILLINOIS,Macon,22
ILLINOIS,Macoupin,4
ILLINOIS,Madison,57
ILLINOIS,Marshall,2
ILLINOIS,McHenry,64
ILLINOIS,McLean,25
ILLINOIS,Menard,5
ILLINOIS,Monroe,2
ILLINOIS,Peoria,75
ILLINOIS,Piatt,19
ILLINOIS,Rock Island,47
ILLINOIS,Sangamon,117
ILLINOIS,Stark,3
ILLINOIS,St. Clair,98
ILLINOIS,Tazewell,27
ILLINOIS,Vermilion,61
ILLINOIS,Will,145
ILLINOIS,Williamson,15
ILLINOIS,Winnebago,126
ILLINOIS,Adams,32
ILLINOIS,Brown,3
ILLINOIS,Bureau,17
ILLINOIS,Carroll,0
ILLINOIS,Clark,4
ILLINOIS,Clay,3
ILLINOIS,Coles,15
ILLINOIS,Cumberland,2
ILLINOIS,Edgar,21
ILLINOIS,Effingham,14
ILLINOIS,Fayette,5
ILLINOIS,Franklin,13
ILLINOIS,Fulton,11
ILLINOIS,Gallatin,4
ILLINOIS,Greene,5
ILLINOIS,Hancock,4
ILLINOIS,Jefferson,28
ILLINOIS,Jo Daviess,2
ILLINOIS,Knox,23
ILLINOIS,Lawrence,0
ILLINOIS,Livingston,20
ILLINOIS,Logan,15
ILLINOIS,Marion,11
ILLINOIS,Mason,18
ILLINOIS,Massac,6
ILLINOIS,McDonough,7
ILLINOIS,Morgan,12
ILLINOIS,Ogle,15
ILLINOIS,Perry,7
ILLINOIS,Pulaski,17
ILLINOIS,Putnam,0
ILLINOIS,Randolph,3
ILLINOIS,Saline,9
ILLINOIS,Schuyler,2
ILLINOIS,Scott,2
ILLINOIS,Shelby,5
ILLINOIS,Stephenson,4
ILLINOIS,Union,17
ILLINOIS,Wabash,1
ILLINOIS,Warren,5
ILLINOIS,Wayne,22
ILLINOIS,White,10
ILLINOIS,Whiteside,16
INDIANA,Allen,105
INDIANA,Bartholomew,42
INDIANA,Brown,10
INDIANA,Delaware,43
INDIANA,Elkhart,27
INDIANA,Floyd,1
INDIANA,Harrison,21
INDIANA,Hendricks,148
INDIANA,Johnson,90
INDIANA,Lake,52
INDIANA,Madison,22
INDIANA,Monroe,74
INDIANA,Porter,40
INDIANA,Posey,47
INDIANA,Shelby,30
INDIANA,St. Joseph,115
INDIANA,Sullivan,17
INDIANA,Tippecanoe,19
INDIANA,Vanderburgh4,45
INDIANA,Vigo,63
INDIANA,Warrick,77
INDIANA,Wells,2
INDIANA,Blackford,4
INDIANA,Cass,8
INDIANA,Clinton,15
INDIANA,Crawford,24
INDIANA,Daviess,0
INDIANA,Franklin,4
INDIANA,Fulton,6
INDIANA,Gibson,28
INDIANA,Grant,32
INDIANA,Greene4,5
INDIANA,Henry,2
INDIANA,Jackson,21
INDIANA,Jay,11
INDIANA,Jennings,77
INDIANA,Knox,14
INDIANA,Kosciusko,46
INDIANA,LaGrange,34
INDIANA,Lawrence,95
INDIANA,Miami,11
INDIANA,Montgomery4,115
INDIANA,Noble,13
INDIANA,Parke,7
INDIANA,Pike,3
INDIANA,Ripley,0
INDIANA,Starke4,10
INDIANA,Steuben,9
INDIANA,Wabash,5
INDIANA,Wayne,2
INDIANA,White,0
IOWA,Black Hawk,17
IOWA,Bremer,7
IOWA,Dallas,20
IOWA,Dubuque,20
IOWA,Grundy,9
IOWA,Johnson,60
IOWA,Linn,41
IOWA,Madison,7
IOWA,Mills,15
IOWA,Plymouth,16
IOWA,Polk,86
IOWA,Pottawattamie,80
IOWA,Scott,84
IOWA,Story,22
IOWA,Warren,42
IOWA,Washington,26
IOWA,Woodbury,23
IOWA,Adair,5
IOWA,Adams,4
IOWA,Appanoose,11
IOWA,Boone,14
IOWA,Buena Vista,10
IOWA,Calhoun,4
IOWA,Cass,11
IOWA,Cedar,9
IOWA,Cerro Gordo,7
IOWA,Cherokee,2
IOWA,Clarke,4
IOWA,Clay,9
IOWA,Clayton,14
IOWA,Clinton,21
IOWA,Davis,4
IOWA,Delaware,14
IOWA,Des Moines,18
IOWA,Dickinson,6
IOWA,Emmet,17
IOWA,Fayette,24
IOWA,Floyd,10
IOWA,Greene,0
IOWA,Hamilton,12
IOWA,Hancock,9
IOWA,Hardin,8
IOWA,Henry,44
IOWA,Howard,6
IOWA,Humboldt,2
IOWA,Ida,12
IOWA,Iowa,11
IOWA,Jasper,29
IOWA,Jefferson,1
IOWA,Keokuk,12
IOWA,Kossuth,10
IOWA,Lee,27
IOWA,Louisa,12
IOWA,Lucas,5
IOWA,Lyon,13
IOWA,Mahaska,10
IOWA,Marion,49
IOWA,Marshall,15
IOWA,Monona,1
IOWA,Monroe,3
IOWA,Muscatine,21
IOWA,O'Brien,20
IOWA,Osceola,3
IOWA,Pocahontas,6
IOWA,Poweshiek,10
IOWA,Ringgold,4
IOWA,Sac,2
IOWA,Sioux,7
IOWA,Tama,43
IOWA,Taylor,2
IOWA,Union,1
IOWA,Van Buren,10
IOWA,Wapello,24
IOWA,Wayne,9
IOWA,Webster,14
IOWA,Winneshiek,1
IOWA,Worth,10
IOWA,Wright,2
KANSAS ,Butler,43
KANSAS ,Doniphan,1
KANSAS ,Harvey,7
KANSAS ,Jackson,17
KANSAS ,Jefferson,28
KANSAS ,Johnson,50
KANSAS ,Kingman,2
KANSAS ,Leavenworth,46
KANSAS ,Miami,26
KANSAS ,Osage,7
KANSAS ,Pottawatomie,37
KANSAS ,Riley County Police Department,180
KANSAS ,Sumner,15
KANSAS ,Wabaunsee,24
KANSAS ,Wyandotte,23
KANSAS ,Allen,11
KANSAS ,Anderson,8
KANSAS ,Barber,10
KANSAS ,Barton,8
KANSAS ,Bourbon,20
KANSAS ,Brown,9
KANSAS ,Chautauqua,2
KANSAS ,Cherokee,33
KANSAS ,Cheyenne,6
KANSAS ,Clark,6
KANSAS ,Clay,7
KANSAS ,Cloud,10
KANSAS ,Coffey,0
KANSAS ,Cowley,18
KANSAS ,Crawford,36
KANSAS ,Dickinson,9
KANSAS ,Ellis,15
KANSAS ,Ellsworth,5
KANSAS ,Finney,23
KANSAS ,Ford,21
KANSAS ,Franklin,37
KANSAS ,Geary,14
KANSAS ,Gove,3
KANSAS ,Graham,3
KANSAS ,Grant,4
KANSAS ,Gray,13
KANSAS ,Greeley,2
KANSAS ,Greenwood,7
KANSAS ,Harper,2
KANSAS ,Haskell,10
KANSAS ,Hodgeman,2
KANSAS ,Kearny,11
KANSAS ,Kiowa,6
KANSAS ,Labette,11
KANSAS ,Lane,3
KANSAS ,Lincoln,1
KANSAS ,Lyon,16
KANSAS ,Marion,6
KANSAS ,McPherson,9
KANSAS ,Mitchell,3
KANSAS ,Montgomery,34
KANSAS ,Morris,3
KANSAS ,Morton,4
KANSAS ,Nemaha,9
KANSAS ,Neosho,17
KANSAS ,Ness,8
KANSAS ,Norton,3
KANSAS ,Osborne,2
KANSAS ,Ottawa,5
KANSAS ,Phillips,4
KANSAS ,Pratt,2
KANSAS ,Reno,19
KANSAS ,Republic,4
KANSAS ,Rice,3
KANSAS ,Rooks,2
KANSAS ,Rush,5
KANSAS ,Russell,5
KANSAS ,Saline,14
KANSAS ,Scott,4
KANSAS ,Seward,6
KANSAS ,Thomas,5
KANSAS ,Washington,4
KANSAS ,Wichita,11
KANSAS ,Wilson,9
KANSAS ,Woodson,6
KENTUCKY,Allen,6
KENTUCKY,Boone,68
KENTUCKY,Bourbon,7
KENTUCKY,Boyd,6
KENTUCKY,Bracken,1
KENTUCKY,Bullitt,21
KENTUCKY,Butler,5
KENTUCKY,Campbell,0
KENTUCKY,Campbell County Police Department,24
KENTUCKY,Christian,22
KENTUCKY,Clark7,8
KENTUCKY,Daviess,22
KENTUCKY,Edmonson,9
KENTUCKY,Gallatin,3
KENTUCKY,Grant,11
KENTUCKY,Greenup,5
KENTUCKY,Hancock,1
KENTUCKY,Hardin,14
KENTUCKY,Henderson,7
KENTUCKY,Henry,1
KENTUCKY,Jessamine,6
KENTUCKY,Kenton,7
KENTUCKY,Kenton County Police Department,10
KENTUCKY,Larue,4
KENTUCKY,McLean,4
KENTUCKY,Meade,15
KENTUCKY,Oldham,2
KENTUCKY,Oldham County Police Department,14
KENTUCKY,Pendleton,2
KENTUCKY,Scott,12
KENTUCKY,Shelby,17
KENTUCKY,Spencer,4
KENTUCKY,Trigg,5
KENTUCKY,Trimble,0
KENTUCKY,Warren,27
KENTUCKY,Woodford,0
KENTUCKY,Adair,2
KENTUCKY,Anderson,3
KENTUCKY,Ballard,2
KENTUCKY,Barren,9
KENTUCKY,Bath,0
KENTUCKY,Bell,18
KENTUCKY,Boyle,11
KENTUCKY,Breckinridge,3
KENTUCKY,Caldwell,2
KENTUCKY,Calloway,14
KENTUCKY,Carlisle,1
KENTUCKY,Carroll,2
KENTUCKY,Carter,4
KENTUCKY,Casey,1
KENTUCKY,Clay,5
KENTUCKY,Clinton,1
KENTUCKY,Crittenden,2
KENTUCKY,Cumberland,0
KENTUCKY,Elliott,0
KENTUCKY,Estill,4
KENTUCKY,Fleming,2
KENTUCKY,Floyd,2
KENTUCKY,Franklin,16
KENTUCKY,Fulton,0
KENTUCKY,Garrard,7
KENTUCKY,Graves,17
KENTUCKY,Grayson,5
KENTUCKY,Green,0
KENTUCKY,Harlan,2
KENTUCKY,Harrison,2
KENTUCKY,Hart,3
KENTUCKY,Hickman,0
KENTUCKY,Hopkins,21
KENTUCKY,Jackson County Police Department,2
KENTUCKY,Johnson,8
KENTUCKY,Knott,0
KENTUCKY,Knox,4
KENTUCKY,Laurel,17
KENTUCKY,Lawrence,4
KENTUCKY,Lee,0
KENTUCKY,Leslie,1
KENTUCKY,Letcher,1
KENTUCKY,Lewis,3
KENTUCKY,Lincoln,1
KENTUCKY,Livingston,5
KENTUCKY,Logan,21
KENTUCKY,Lyon,0
KENTUCKY,Madison,14
KENTUCKY,Magoffin,0
KENTUCKY,Marion,5
KENTUCKY,Marshall,14
KENTUCKY,Martin,6
KENTUCKY,Mason,4
KENTUCKY,McCracken,43
KENTUCKY,McCreary,3
KENTUCKY,Menifee,0
KENTUCKY,Mercer,6
KENTUCKY,Metcalfe,0
KENTUCKY,Monroe,0
KENTUCKY,Montgomery,19
KENTUCKY,Muhlenberg,4
KENTUCKY,Muhlenberg County Police Department,1
KENTUCKY,Nelson,15
KENTUCKY,Nicholas,2
KENTUCKY,Ohio,17
KENTUCKY,Owen,0
KENTUCKY,Owsley,0
KENTUCKY,Perry,3
KENTUCKY,Perry County Police Department,0
KENTUCKY,Pike,1
KENTUCKY,Powell,2
KENTUCKY,Pulaski,34
KENTUCKY,Robertson,0
KENTUCKY,Rockcastle,8
KENTUCKY,Rowan,1
KENTUCKY,Russell,5
KENTUCKY,Simpson,2
KENTUCKY,Taylor,13
KENTUCKY,Todd,0
KENTUCKY,Union,12
KENTUCKY,Washington,0
KENTUCKY,Wayne,1
KENTUCKY,Webster,2
KENTUCKY,Whitley,11
KENTUCKY,Wolfe,5
LOUISIANA,Acadia4,62
LOUISIANA,Ascension,335
LOUISIANA,Bossier,56
LOUISIANA,Caddo,84
LOUISIANA,Calcasieu,423
LOUISIANA,Cameron,15
LOUISIANA,"De Soto4, 8",
LOUISIANA,East Baton Rouge4,295
LOUISIANA,East Feliciana,50
LOUISIANA,Grant,8
LOUISIANA,Iberia,143
LOUISIANA,Iberville4,284
LOUISIANA,Jefferson4,1667
LOUISIANA,Lafayette4,352
LOUISIANA,Lafourche,51
LOUISIANA,"Livingston4, 5",
LOUISIANA,Ouachita4,507
LOUISIANA,Plaquemines,32
LOUISIANA,Pointe Coupee,125
LOUISIANA,Rapides,270
LOUISIANA,"St. Bernard4, 6",86
LOUISIANA,St. Charles4,175
LOUISIANA,St. Helena4,35
LOUISIANA,St. James,83
LOUISIANA,St. John the Baptist8,
LOUISIANA,St. Martin4,102
LOUISIANA,St. Tammany4,225
LOUISIANA,Terrebonne,164
LOUISIANA,Union4,29
LOUISIANA,"Vermilion4, 7",87
LOUISIANA,Webster4,106
LOUISIANA,West Baton Rouge4,61
LOUISIANA,West Feliciana,18
LOUISIANA,"Allen4, 8",4
LOUISIANA,Assumption4,61
LOUISIANA,Avoyelles4,96
LOUISIANA,Beauregard,13
LOUISIANA,Bienville4,44
LOUISIANA,Caldwell4,23
LOUISIANA,Claiborne4,28
LOUISIANA,Concordia4,63
LOUISIANA,East Carroll,5
LOUISIANA,Evangeline,36
LOUISIANA,Franklin4,10
LOUISIANA,Jackson4,32
LOUISIANA,La Salle4,29
LOUISIANA,Lincoln4,57
LOUISIANA,Madison,22
LOUISIANA,Morehouse,8
LOUISIANA,Natchitoches4,52
LOUISIANA,Red River4,24
LOUISIANA,Richland4,50
LOUISIANA,Sabine4,6
LOUISIANA,St. Landry4,108
LOUISIANA,Vernon4,96
LOUISIANA,Washington4,130
LOUISIANA,West Carroll4,28
LOUISIANA,Winn,13
MAINE,Androscoggin,15
MAINE,Cumberland,29
MAINE,Penobscot,10
MAINE,Sagadahoc,3
MAINE,York,17
MAINE,Aroostook,6
MAINE,Franklin,8
MAINE,Hancock,0
MAINE,Kennebec,17
MAINE,Knox,4
MAINE,Lincoln,43
MAINE,Oxford,11
MAINE,Piscataquis,3
MAINE,Somerset,24
MAINE,Waldo,16
MAINE,Washington,7
MARYLAND,Allegany,30
MARYLAND,Anne Arundel,0
MARYLAND,Baltimore County,0
MARYLAND,Calvert,120
MARYLAND,Carroll,225
MARYLAND,Cecil,93
MARYLAND,Charles,496
MARYLAND,Frederick,206
MARYLAND,Harford,437
MARYLAND,Howard,0
MARYLAND,Howard County Police Department,613
MARYLAND,Montgomery,0
MARYLAND,Montgomery County Police Department,1647
MARYLAND,Prince George's,68
MARYLAND,Prince George's County Police Department,3161
MARYLAND,Queen Anne's,72
MARYLAND,Somerset,6
MARYLAND,St. Mary's,231
MARYLAND,Washington,164
MARYLAND,Wicomico,96
MARYLAND,Worcester,8
MARYLAND,Caroline,18
MARYLAND,Dorchester,8
MARYLAND,Garrett,43
MARYLAND,Kent,12
MICHIGAN,Barry,24
MICHIGAN,Bay,55
MICHIGAN,Berrien,83
MICHIGAN,Cass,52
MICHIGAN,Clinton,22
MICHIGAN,Eaton,108
MICHIGAN,Ingham,115
MICHIGAN,Jackson,171
MICHIGAN,Kalamazoo,214
MICHIGAN,Kent,305
MICHIGAN,Lapeer,55
MICHIGAN,Livingston,68
MICHIGAN,Macomb,351
MICHIGAN,Midland,45
MICHIGAN,Monroe8,170
MICHIGAN,Montcalm,113
MICHIGAN,Muskegon,44
MICHIGAN,Oakland,934
MICHIGAN,Ottawa,477
MICHIGAN,Saginaw,95
MICHIGAN,St. Clair,158
MICHIGAN,Van Buren,81
MICHIGAN,Washtenaw,425
MICHIGAN,Wayne,0
MICHIGAN,Alcona,7
MICHIGAN,Alger,0
MICHIGAN,Allegan,83
MICHIGAN,Alpena,8
MICHIGAN,Antrim,23
MICHIGAN,Arenac,23
MICHIGAN,Baraga,4
MICHIGAN,Benzie,15
MICHIGAN,Branch,9
MICHIGAN,Charlevoix,18
MICHIGAN,Cheboygan,9
MICHIGAN,Chippewa,12
MICHIGAN,Clare,73
MICHIGAN,Crawford,17
MICHIGAN,Delta,8
MICHIGAN,Emmet,36
MICHIGAN,Gladwin,29
MICHIGAN,Gogebic,1
MICHIGAN,Grand Traverse,133
MICHIGAN,Gratiot,26
MICHIGAN,Hillsdale,29
MICHIGAN,Houghton,8
MICHIGAN,Huron,26
MICHIGAN,Ionia,43
MICHIGAN,Iosco,1
MICHIGAN,Iron,3
MICHIGAN,Isabella,35
MICHIGAN,Kalkaska,39
MICHIGAN,Keweenaw,2
MICHIGAN,Lake,28
MICHIGAN,Leelanau,17
MICHIGAN,Luce,4
MICHIGAN,Mackinac,3
MICHIGAN,Manistee,25
MICHIGAN,Marquette,6
MICHIGAN,Mason,34
MICHIGAN,Mecosta,179
MICHIGAN,Menominee,14
MICHIGAN,Missaukee,24
MICHIGAN,Montmorency,2
MICHIGAN,Newaygo,84
MICHIGAN,Oceana,20
MICHIGAN,Ogemaw,20
MICHIGAN,Osceola,17
MICHIGAN,Oscoda,14
MICHIGAN,Otsego,11
MICHIGAN,Presque Isle,7
MICHIGAN,Roscommon,35
MICHIGAN,Sanilac,60
MICHIGAN,Shiawassee,37
MICHIGAN,St. Joseph,42
MICHIGAN,Tuscola,50
MICHIGAN,Wexford,18
MINNESOTA,Anoka,65
MINNESOTA,Benton,21
MINNESOTA,Blue Earth,16
MINNESOTA,Carlton,11
MINNESOTA,Carver,46
MINNESOTA,Chisago,2
MINNESOTA,Clay,6
MINNESOTA,Dakota,26
MINNESOTA,Dodge,28
MINNESOTA,Fillmore,11
MINNESOTA,Hennepin,26
MINNESOTA,Houston,8
MINNESOTA,Isanti,32
MINNESOTA,Le Sueur,9
MINNESOTA,Mille Lacs,38
MINNESOTA,Nicollet,11
MINNESOTA,Olmsted,32
MINNESOTA,Polk,26
MINNESOTA,Ramsey,4
MINNESOTA,Scott,9
MINNESOTA,Sherburne,18
MINNESOTA,Sibley,0
MINNESOTA,Stearns,30
MINNESOTA,St. Louis,44
MINNESOTA,Wabasha,10
MINNESOTA,Washington,43
MINNESOTA,Wright,68
MINNESOTA,Aitkin,20
MINNESOTA,Becker,11
MINNESOTA,Beltrami,49
MINNESOTA,Big Stone,2
MINNESOTA,Brown,3
MINNESOTA,Cass,80
MINNESOTA,Chippewa,5
MINNESOTA,Clearwater,23
MINNESOTA,Cook,2
MINNESOTA,Cottonwood,4
MINNESOTA,Crow Wing,20
MINNESOTA,Douglas,21
MINNESOTA,Faribault,4
MINNESOTA,Freeborn,6
MINNESOTA,Grant,1
MINNESOTA,Hubbard,14
MINNESOTA,Itasca,72
MINNESOTA,Jackson,3
MINNESOTA,Kanabec,23
MINNESOTA,Kandiyohi,23
MINNESOTA,Kittson,1
MINNESOTA,Koochiching,12
MINNESOTA,Lac Qui Parle,0
MINNESOTA,Lake,5
MINNESOTA,Lake of the Woods,3
MINNESOTA,Lincoln,7
MINNESOTA,Lyon,0
MINNESOTA,Mahnomen,23
MINNESOTA,Marshall,0
MINNESOTA,Martin,0
MINNESOTA,McLeod,11
MINNESOTA,Meeker,15
MINNESOTA,Mower,20
MINNESOTA,Murray,2
MINNESOTA,Nobles,7
MINNESOTA,Norman,1
MINNESOTA,Otter Tail,25
MINNESOTA,Pennington,0
MINNESOTA,Pine,76
MINNESOTA,Pipestone,3
MINNESOTA,Pope,10
MINNESOTA,Red Lake,1
MINNESOTA,Redwood,4
MINNESOTA,Renville,8
MINNESOTA,Rice,11
MINNESOTA,Rock,106
MINNESOTA,Roseau,1
MINNESOTA,Steele,3
MINNESOTA,Stevens,2
MINNESOTA,Swift,5
MINNESOTA,Todd,14
MINNESOTA,Traverse,3
MINNESOTA,Wadena,8
MINNESOTA,Waseca,1
MINNESOTA,Watonwan,8
MINNESOTA,Wilkin,3
MINNESOTA,Winona,7
MINNESOTA,Yellow Medicine,9
MISSISSIPPI,Hancock,18
MISSISSIPPI,Harrison,28
MISSISSIPPI,Hinds,35
MISSISSIPPI,Jackson,103
MISSISSIPPI,Lamar,23
MISSISSIPPI,Tunica,55
MISSISSIPPI,Choctaw,2
MISSISSIPPI,Claiborne,21
MISSISSIPPI,George,12
MISSISSIPPI,Greene,15
MISSISSIPPI,Itawamba,23
MISSISSIPPI,Kemper,9
MISSISSIPPI,Lauderdale,40
MISSISSIPPI,Lee,33
MISSISSIPPI,Marion,24
MISSISSIPPI,Oktibbeha,31
MISSISSIPPI,Panola,139
MISSISSIPPI,Scott,92
MISSISSIPPI,Stone,15
MISSISSIPPI,Tishomingo,0
MISSISSIPPI,Warren,12
MISSISSIPPI,Washington,22
MISSOURI,Andrew,18
MISSOURI,Bates,63
MISSOURI,Bollinger,12
MISSOURI,Boone,131
MISSOURI,Buchanan,19
MISSOURI,Caldwell,9
MISSOURI,Callaway,97
MISSOURI,Cape Girardeau,20
MISSOURI,Cass,26
MISSOURI,Christian,37
MISSOURI,Clay,54
MISSOURI,Clinton,69
MISSOURI,Cole,30
MISSOURI,Dallas,52
MISSOURI,De Kalb,13
MISSOURI,Franklin,81
MISSOURI,Greene,44
MISSOURI,Jackson,54
MISSOURI,Jasper,187
MISSOURI,Jefferson,320
MISSOURI,Lafayette,14
MISSOURI,Lincoln,71
MISSOURI,McDonald,111
MISSOURI,Moniteau,17
MISSOURI,Newton,25
MISSOURI,Osage,9
MISSOURI,Platte,33
MISSOURI,Polk,53
MISSOURI,Ray,41
MISSOURI,St. Charles,125
MISSOURI,St. Louis County Police Department,1321
MISSOURI,Warren,70
MISSOURI,Webster,26
MISSOURI,Adair,6
MISSOURI,Atchison,0
MISSOURI,Audrain,19
MISSOURI,Barry,74
MISSOURI,Benton,44
MISSOURI,Butler,100
MISSOURI,Camden,76
MISSOURI,Carroll,8
MISSOURI,Carter,10
MISSOURI,Cedar,29
MISSOURI,Chariton,43
MISSOURI,Clark,3
MISSOURI,Cooper,3
MISSOURI,Crawford,19
MISSOURI,Daviess,5
MISSOURI,Dent,7
MISSOURI,Douglas,17
MISSOURI,Dunklin,22
MISSOURI,Gasconade,7
MISSOURI,Gentry,0
MISSOURI,Grundy,0
MISSOURI,Harrison,0
MISSOURI,Henry,24
MISSOURI,Hickory,2
MISSOURI,Holt,10
MISSOURI,Howard,3
MISSOURI,Howell,26
MISSOURI,Iron,36
MISSOURI,Johnson,21
MISSOURI,Knox,0
MISSOURI,Laclede,34
MISSOURI,Lawrence,39
MISSOURI,Lewis,3
MISSOURI,Linn,11
MISSOURI,Livingston,4
MISSOURI,Macon,24
MISSOURI,Madison,22
MISSOURI,Maries,5
MISSOURI,Marion,8
MISSOURI,Mercer,3
MISSOURI,Miller,66
MISSOURI,Mississippi,7
MISSOURI,Monroe,2
MISSOURI,Montgomery,4
MISSOURI,Morgan,19
MISSOURI,New Madrid,11
MISSOURI,Nodaway,8
MISSOURI,Oregon,10
MISSOURI,Ozark,12
MISSOURI,Pemiscot,7
MISSOURI,Perry,19
MISSOURI,Pettis,20
MISSOURI,Phelps,67
MISSOURI,Pike,9
MISSOURI,Pulaski,70
MISSOURI,Ralls,6
MISSOURI,Randolph,6
MISSOURI,Reynolds,14
MISSOURI,Ripley,14
MISSOURI,Saline,4
MISSOURI,Schuyler,7
MISSOURI,Scotland,2
MISSOURI,Scott,126
MISSOURI,Shannon,9
MISSOURI,Shelby,1
MISSOURI,St. Clair,28
MISSOURI,Ste. Genevieve,47
MISSOURI,St. Francois,56
MISSOURI,Stoddard,20
MISSOURI,Stone,132
MISSOURI,Sullivan,8
MISSOURI,Taney,82
MISSOURI,Texas,17
MISSOURI,Vernon,52
MISSOURI,Washington,66
MISSOURI,Wayne,27
MISSOURI,Worth,2
MISSOURI,Wright,27
MONTANA,Carbon,12
MONTANA,Cascade,43
MONTANA,Golden Valley,2
MONTANA,Missoula,79
MONTANA,Yellowstone,76
MONTANA,Beaverhead,4
MONTANA,Blaine,5
MONTANA,Broadwater,17
MONTANA,Carter,0
MONTANA,Custer,1
MONTANA,Daniels,1
MONTANA,Dawson,7
MONTANA,Deer Lodge,35
MONTANA,Fallon,0
MONTANA,Fergus,19
MONTANA,Flathead,200
MONTANA,Gallatin,66
MONTANA,Garfield,0
MONTANA,Glacier,16
MONTANA,Granite,4
MONTANA,Hill,14
MONTANA,Jefferson,26
MONTANA,Judith Basin,5
MONTANA,Lake,96
MONTANA,Lewis and Clark,85
MONTANA,Lincoln,28
MONTANA,Madison,5
MONTANA,McCone,0
MONTANA,Meagher,2
MONTANA,Musselshell,20
MONTANA,Park,16
MONTANA,Phillips,9
MONTANA,Pondera,1
MONTANA,Powell,20
MONTANA,Prairie,2
MONTANA,Ravalli,45
MONTANA,Richland,7
MONTANA,Roosevelt,25
MONTANA,Rosebud,17
MONTANA,Sanders,12
MONTANA,Sheridan,17
MONTANA,Silver Bow,123
MONTANA,Stillwater,14
MONTANA,Teton,8
MONTANA,Toole,26
MONTANA,Valley,1
MONTANA,Wheatland,0
MONTANA,Wibaux,0
NEBRASKA,Dakota,13
NEBRASKA,Dixon,0
NEBRASKA,Douglas,133
NEBRASKA,Hall,18
NEBRASKA,Hamilton,5
NEBRASKA,Lancaster,23
NEBRASKA,Saunders,6
NEBRASKA,Seward,2
NEBRASKA,Washington,2
NEBRASKA,Adams,6
NEBRASKA,Antelope,2
NEBRASKA,Arthur,0
NEBRASKA,Box Butte,0
NEBRASKA,Brown,0
NEBRASKA,Buffalo,11
NEBRASKA,Burt,4
NEBRASKA,Butler,5
NEBRASKA,Cedar,4
NEBRASKA,Chase,0
NEBRASKA,Cherry,3
NEBRASKA,Cuming,1
NEBRASKA,Dawes,1
NEBRASKA,Dawson,8
NEBRASKA,Deuel,0
NEBRASKA,Dodge,9
NEBRASKA,Franklin,0
NEBRASKA,Gage,45
NEBRASKA,Hitchcock,2
NEBRASKA,Holt,6
NEBRASKA,Hooker,0
NEBRASKA,Johnson,6
NEBRASKA,Kearney,5
NEBRASKA,Keith,1
NEBRASKA,Keya Paha,0
NEBRASKA,Kimball,1
NEBRASKA,Knox,7
NEBRASKA,Lincoln,12
NEBRASKA,Madison,5
NEBRASKA,Morrill,0
NEBRASKA,Nemaha,4
NEBRASKA,Pawnee,0
NEBRASKA,Perkins,2
NEBRASKA,Phelps,5
NEBRASKA,Pierce,4
NEBRASKA,Platte,6
NEBRASKA,Polk,0
NEBRASKA,Red Willow,1
NEBRASKA,Rock,0
NEBRASKA,Scotts Bluff,7
NEBRASKA,Sheridan,0
NEBRASKA,Stanton,1
NEBRASKA,Thayer,11
NEBRASKA,Thurston,2
NEBRASKA,Wayne,1
NEBRASKA,Webster,6
NEBRASKA,Wheeler,0
NEBRASKA,York,1
NEVADA,Carson City,160
NEVADA,Storey,28
NEVADA,Washoe,154
NEVADA,Churchill,25
NEVADA,Douglas,78
NEVADA,Elko,36
NEVADA,Esmeralda,1
NEVADA,Eureka,8
NEVADA,Humboldt,47
NEVADA,Lander,35
NEVADA,Lincoln,1
NEVADA,Lyon,140
NEVADA,Nye,61
NEVADA,Pershing,23
NEVADA,White Pine,31
NEW HAMPSHIRE,Rockingham,5
NEW HAMPSHIRE,Carroll,17
NEW HAMPSHIRE,Cheshire,2
NEW HAMPSHIRE,Merrimack,4
NEW JERSEY,Atlantic,0
NEW JERSEY,Bergen,0
NEW JERSEY,Burlington,0
NEW JERSEY,Camden,0
NEW JERSEY,Camden County Police Department,1550
NEW JERSEY,Cape May,2
NEW JERSEY,Cumberland,0
NEW JERSEY,Essex,115
NEW JERSEY,Gloucester,0
NEW JERSEY,Hudson,0
NEW JERSEY,Hunterdon,0
NEW JERSEY,Mercer,0
NEW JERSEY,Monmouth,1
NEW JERSEY,Morris,0
NEW JERSEY,Ocean,0
NEW JERSEY,Passaic,0
NEW JERSEY,Salem,2
NEW JERSEY,Somerset,0
NEW JERSEY,Sussex,0
NEW JERSEY,Union,0
NEW JERSEY,Warren,0
NEW MEXICO,Bernalillo,613
NEW MEXICO,Dona Ana,251
NEW MEXICO,Sandoval,29
NEW MEXICO,San Juan,317
NEW MEXICO,Santa Fe,57
NEW MEXICO,Torrance,49
NEW MEXICO,Valencia,371
NEW MEXICO,Catron,3
NEW MEXICO,Chaves,47
NEW MEXICO,Cibola,80
NEW MEXICO,Colfax,9
NEW MEXICO,Curry,17
NEW MEXICO,De Baca,6
NEW MEXICO,Eddy,41
NEW MEXICO,Guadalupe,11
NEW MEXICO,Hidalgo,11
NEW MEXICO,Lea,51
NEW MEXICO,Lincoln,21
NEW MEXICO,Los Alamos,0
NEW MEXICO,Luna,50
NEW MEXICO,McKinley,83
NEW MEXICO,Mora,5
NEW MEXICO,Otero,101
NEW MEXICO,Quay,2
NEW MEXICO,Rio Arriba,44
NEW MEXICO,San Miguel,5
NEW MEXICO,Sierra,24
NEW MEXICO,Socorro,18
NEW MEXICO,Taos,84
NEW MEXICO,Union,4
NEW YORK,Albany4,8
NEW YORK,Broome4,67
NEW YORK,Chemung4,32
NEW YORK,Dutchess4,61
NEW YORK,Erie,175
NEW YORK,Herkimer,0
NEW YORK,Jefferson4,13
NEW YORK,Livingston4,22
NEW YORK,Madison4,20
NEW YORK,Monroe4,177
NEW YORK,Nassau4,1329
NEW YORK,Niagara4,69
NEW YORK,Oneida4,69
NEW YORK,Onondaga4,192
NEW YORK,Ontario4,58
NEW YORK,Orange4,8
NEW YORK,Orleans4,15
NEW YORK,Oswego4,43
NEW YORK,Putnam4,25
NEW YORK,Rensselaer4,24
NEW YORK,Rockland4,11
NEW YORK,Saratoga4,54
NEW YORK,Schenectady,4
NEW YORK,Schoharie4,1
NEW YORK,Suffolk,82
NEW YORK,Suffolk County Police Department4,1528
NEW YORK,Tioga4,17
NEW YORK,Ulster4,47
NEW YORK,Warren4,25
NEW YORK,Washington4,33
NEW YORK,Wayne4,39
NEW YORK,Westchester Public Safety,5
NEW YORK,Allegany4,2
NEW YORK,Cattaraugus4,47
NEW YORK,Cayuga4,23
NEW YORK,Chautauqua4,37
NEW YORK,Chenango4,28
NEW YORK,Clinton4,5
NEW YORK,Columbia4,16
NEW YORK,Delaware4,21
NEW YORK,Essex4,3
NEW YORK,Franklin,0
NEW YORK,Fulton,5
NEW YORK,Genesee4,38
NEW YORK,Greene,6
NEW YORK,Hamilton,1
NEW YORK,Lewis4,11
NEW YORK,Montgomery4,8
NEW YORK,Otsego4,24
NEW YORK,Schuyler4,6
NEW YORK,Seneca4,12
NEW YORK,Steuben4,13
NEW YORK,St. Lawrence,12
NEW YORK,Sullivan4,19
NEW YORK,Wyoming4,11
NORTH CAROLINA,Alamance,123
NORTH CAROLINA,Alexander,55
NORTH CAROLINA,Brunswick,96
NORTH CAROLINA,Buncombe,91
NORTH CAROLINA,Burke,87
NORTH CAROLINA,Cabarrus,40
NORTH CAROLINA,Caldwell,54
NORTH CAROLINA,Catawba,112
NORTH CAROLINA,Chatham,77
NORTH CAROLINA,Craven,103
NORTH CAROLINA,Cumberland,476
NORTH CAROLINA,Currituck,49
NORTH CAROLINA,Davidson,94
NORTH CAROLINA,Davie,51
NORTH CAROLINA,Durham,47
NORTH CAROLINA,Edgecombe,61
NORTH CAROLINA,Forsyth,241
NORTH CAROLINA,Franklin,48
NORTH CAROLINA,Gaston,2
NORTH CAROLINA,Gaston County Police Department,172
NORTH CAROLINA,Guilford,147
NORTH CAROLINA,Haywood,99
NORTH CAROLINA,Henderson,91
NORTH CAROLINA,Hoke,43
NORTH CAROLINA,Iredell,170
NORTH CAROLINA,Johnston,131
NORTH CAROLINA,Lincoln,77
NORTH CAROLINA,Madison,6
NORTH CAROLINA,Nash,45
NORTH CAROLINA,New Hanover,176
NORTH CAROLINA,Onslow,171
NORTH CAROLINA,Orange,29
NORTH CAROLINA,Pamlico,35
NORTH CAROLINA,Pender,86
NORTH CAROLINA,Person,44
NORTH CAROLINA,Pitt,177
NORTH CAROLINA,Randolph,113
NORTH CAROLINA,Rockingham,56
NORTH CAROLINA,Rowan,187
NORTH CAROLINA,Union,160
NORTH CAROLINA,Wake,178
NORTH CAROLINA,Wayne,104
NORTH CAROLINA,Yadkin,78
NORTH CAROLINA,Alleghany,10
NORTH CAROLINA,Anson,32
NORTH CAROLINA,Ashe,14
NORTH CAROLINA,Avery,21
NORTH CAROLINA,Beaufort,62
NORTH CAROLINA,Bertie,22
NORTH CAROLINA,Bladen,66
NORTH CAROLINA,Camden,3
NORTH CAROLINA,Caswell,44
NORTH CAROLINA,Cherokee,44
NORTH CAROLINA,Chowan,17
NORTH CAROLINA,Clay,26
NORTH CAROLINA,Cleveland,40
NORTH CAROLINA,Columbus,124
NORTH CAROLINA,Dare,23
NORTH CAROLINA,Duplin,103
NORTH CAROLINA,Granville,49
NORTH CAROLINA,Halifax,81
NORTH CAROLINA,Harnett,202
NORTH CAROLINA,Hertford,22
NORTH CAROLINA,Lee,29
NORTH CAROLINA,Lenoir,98
NORTH CAROLINA,Macon,28
NORTH CAROLINA,Martin,28
NORTH CAROLINA,McDowell,34
NORTH CAROLINA,Montgomery,41
NORTH CAROLINA,Moore,62
NORTH CAROLINA,Northampton,45
NORTH CAROLINA,Pasquotank,44
NORTH CAROLINA,Perquimans,8
NORTH CAROLINA,Polk,8
NORTH CAROLINA,Richmond,134
NORTH CAROLINA,Robeson,164
NORTH CAROLINA,Rutherford,75
NORTH CAROLINA,Sampson,98
NORTH CAROLINA,Scotland,64
NORTH CAROLINA,Surry,64
NORTH CAROLINA,Swain,27
NORTH CAROLINA,Transylvania,36
NORTH CAROLINA,Tyrrell,9
NORTH CAROLINA,Vance,59
NORTH CAROLINA,Warren,42
NORTH CAROLINA,Watauga,20
NORTH CAROLINA,Wilkes,110
NORTH CAROLINA,Wilson,61
NORTH CAROLINA,Yancey,4
NORTH DAKOTA,Burleigh,35
NORTH DAKOTA,Cass,15
NORTH DAKOTA,Grand Forks,13
NORTH DAKOTA,Morton,20
NORTH DAKOTA,Oliver,2
NORTH DAKOTA,Sioux,1
NORTH DAKOTA,Adams,2
NORTH DAKOTA,Barnes,6
NORTH DAKOTA,Benson,1
NORTH DAKOTA,Billings,0
NORTH DAKOTA,Bottineau,7
NORTH DAKOTA,Bowman,2
NORTH DAKOTA,Burke,1
NORTH DAKOTA,Cavalier,3
NORTH DAKOTA,Dickey,0
NORTH DAKOTA,Divide,0
NORTH DAKOTA,Dunn,5
NORTH DAKOTA,Emmons,1
NORTH DAKOTA,Golden Valley,2
NORTH DAKOTA,Grant,2
NORTH DAKOTA,Griggs,2
NORTH DAKOTA,Hettinger,0
NORTH DAKOTA,Kidder,3
NORTH DAKOTA,Lamoure,2
NORTH DAKOTA,Logan,0
NORTH DAKOTA,McHenry,3
NORTH DAKOTA,McIntosh,3
NORTH DAKOTA,McKenzie,17
NORTH DAKOTA,McLean,6
NORTH DAKOTA,Mercer,5
NORTH DAKOTA,Mountrail,22
NORTH DAKOTA,Nelson,4
NORTH DAKOTA,Pembina,8
NORTH DAKOTA,Pierce,0
NORTH DAKOTA,Ramsey,3
NORTH DAKOTA,Ransom,5
NORTH DAKOTA,Renville,1
NORTH DAKOTA,Richland,6
NORTH DAKOTA,Sargent,2
NORTH DAKOTA,Sheridan,2
NORTH DAKOTA,Stark,4
NORTH DAKOTA,Stutsman,8
NORTH DAKOTA,Traill,4
NORTH DAKOTA,Walsh,5
NORTH DAKOTA,Ward,27
NORTH DAKOTA,Wells,0
NORTH DAKOTA,Williams,39
OHIO,Allen,38
OHIO,Belmont,37
OHIO,Clark,51
OHIO,Clermont,95
OHIO,Delaware,14
OHIO,Fairfield,32
OHIO,Fulton,19
OHIO,Greene,28
OHIO,Hamilton,179
OHIO,Jefferson,4
OHIO,Lake,176
OHIO,Lawrence,64
OHIO,Lorain,52
OHIO,Lucas,62
OHIO,Madison,12
OHIO,Mahoning,5
OHIO,Miami,16
OHIO,Montgomery,176
OHIO,Morrow,15
OHIO,Pickaway,31
OHIO,Portage,50
OHIO,Richland,31
OHIO,Stark,90
OHIO,Summit,56
OHIO,Trumbull,21
OHIO,Union,14
OHIO,Wood,12
OHIO,Adams,12
OHIO,Ashland,11
OHIO,Ashtabula,37
OHIO,Athens,18
OHIO,Champaign,15
OHIO,Clinton,9
OHIO,Columbiana,14
OHIO,Crawford,3
OHIO,Darke,15
OHIO,Defiance,9
OHIO,Erie,4
OHIO,Fayette,26
OHIO,Gallia,27
OHIO,Hancock,6
OHIO,Hardin,12
OHIO,Harrison,21
OHIO,Henry,13
OHIO,Highland,11
OHIO,Holmes,7
OHIO,Jackson,17
OHIO,Knox,33
OHIO,Logan,9
OHIO,Marion,26
OHIO,Meigs,22
OHIO,Mercer,17
OHIO,Monroe,7
OHIO,Morgan,32
OHIO,Muskingum,45
OHIO,Ottawa,4
OHIO,Paulding,4
OHIO,Pike,16
OHIO,Preble,19
OHIO,Putnam,19
OHIO,Ross,81
OHIO,Seneca,47
OHIO,Shelby,15
OHIO,Vinton,7
OHIO,Wayne,29
OHIO,Wyandot,3
OKLAHOMA,Canadian,20
OKLAHOMA,Cleveland,58
OKLAHOMA,Comanche,28
OKLAHOMA,Cotton,1
OKLAHOMA,Creek,56
OKLAHOMA,Grady,4
OKLAHOMA,Le Flore,50
OKLAHOMA,Lincoln,29
OKLAHOMA,Logan,34
OKLAHOMA,McClain,10
OKLAHOMA,Oklahoma,20
OKLAHOMA,Okmulgee,20
OKLAHOMA,Osage,32
OKLAHOMA,Pawnee,12
OKLAHOMA,Rogers,103
OKLAHOMA,Sequoyah,52
OKLAHOMA,Tulsa,209
OKLAHOMA,Wagoner,55
OKLAHOMA,Adair,62
OKLAHOMA,Alfalfa,1
OKLAHOMA,Atoka,0
OKLAHOMA,Beaver,4
OKLAHOMA,Beckham,16
OKLAHOMA,Blaine,2
OKLAHOMA,Bryan,10
OKLAHOMA,Caddo,38
OKLAHOMA,Carter,17
OKLAHOMA,Cherokee,74
OKLAHOMA,Choctaw,20
OKLAHOMA,Cimarron,0
OKLAHOMA,Coal,2
OKLAHOMA,Craig,9
OKLAHOMA,Custer,5
OKLAHOMA,Delaware,11
OKLAHOMA,Dewey,1
OKLAHOMA,Ellis,8
OKLAHOMA,Garfield,10
OKLAHOMA,Garvin,23
OKLAHOMA,Grant,3
OKLAHOMA,Greer,1
OKLAHOMA,Harmon,0
OKLAHOMA,Harper,0
OKLAHOMA,Haskell,1
OKLAHOMA,Hughes,8
OKLAHOMA,Jackson,3
OKLAHOMA,Jefferson,4
OKLAHOMA,Kay,11
OKLAHOMA,Kingfisher,5
OKLAHOMA,Kiowa,6
OKLAHOMA,Latimer,23
OKLAHOMA,Love,1
OKLAHOMA,Major,1
OKLAHOMA,Marshall,14
OKLAHOMA,Mayes,27
OKLAHOMA,McCurtain,29
OKLAHOMA,McIntosh,24
OKLAHOMA,Murray,6
OKLAHOMA,Muskogee,63
OKLAHOMA,Noble,2
OKLAHOMA,Nowata,2
OKLAHOMA,Okfuskee,22
OKLAHOMA,Ottawa,2
OKLAHOMA,Payne,21
OKLAHOMA,Pittsburg,1
OKLAHOMA,Pontotoc,32
OKLAHOMA,Pottawatomie,34
OKLAHOMA,Pushmataha,14
OKLAHOMA,Roger Mills,5
OKLAHOMA,Seminole,11
OKLAHOMA,Stephens,7
OKLAHOMA,Texas,5
OKLAHOMA,Tillman,11
OKLAHOMA,Washita,23
OKLAHOMA,Woods,3
OKLAHOMA,Woodward,8
OREGON,Benton,27
OREGON,Columbia,8
OREGON,Deschutes,80
OREGON,Jackson,175
OREGON,Linn,23
OREGON,Marion,62
OREGON,Multnomah,108
OREGON,Polk,35
OREGON,Washington,322
OREGON,Yamhill,39
OREGON,Baker,12
OREGON,Clatsop,12
OREGON,Coos,19
OREGON,Crook,19
OREGON,Douglas,119
OREGON,Gilliam,0
OREGON,Grant,0
OREGON,Harney,3
OREGON,Hood River4,16
OREGON,Klamath,56
OREGON,Lincoln,51
OREGON,Malheur,5
OREGON,Sherman,1
OREGON,Tillamook,10
OREGON,Union,15
OREGON,Wallowa,0
OREGON,Wasco4,16
PENNSYLVANIA,Adams,0
PENNSYLVANIA,Allegheny,11
PENNSYLVANIA,Allegheny County Police Department,116
PENNSYLVANIA,Beaver,0
PENNSYLVANIA,Berks,5
PENNSYLVANIA,Blair,1
PENNSYLVANIA,Bucks,0
PENNSYLVANIA,Butler,0
PENNSYLVANIA,Centre,0
PENNSYLVANIA,Cumberland,0
PENNSYLVANIA,Erie,0
PENNSYLVANIA,Franklin,0
PENNSYLVANIA,Lancaster,0
PENNSYLVANIA,Lycoming,0
PENNSYLVANIA,Mercer,2
PENNSYLVANIA,Monroe,0
PENNSYLVANIA,Northampton,0
PENNSYLVANIA,Pike,0
PENNSYLVANIA,Washington,0
PENNSYLVANIA,Westmoreland,1
PENNSYLVANIA,York,5
PENNSYLVANIA,Bedford,0
PENNSYLVANIA,Bradford,0
PENNSYLVANIA,Clarion,0
PENNSYLVANIA,Elk,0
PENNSYLVANIA,Indiana,2
PENNSYLVANIA,Jefferson,1
PENNSYLVANIA,Schuylkill,0
PENNSYLVANIA,Snyder,1
PENNSYLVANIA,Tioga,0
PENNSYLVANIA,Union,0
PENNSYLVANIA,Wayne,0
SOUTH CAROLINA,Anderson,735
SOUTH CAROLINA,Beaufort,671
SOUTH CAROLINA,Calhoun,33
SOUTH CAROLINA,Charleston,556
SOUTH CAROLINA,Chester,156
SOUTH CAROLINA,Dorchester,321
SOUTH CAROLINA,Fairfield,144
SOUTH CAROLINA,Florence,234
SOUTH CAROLINA,Greenville,2110
SOUTH CAROLINA,Lancaster,300
SOUTH CAROLINA,Laurens,241
SOUTH CAROLINA,Lexington,518
SOUTH CAROLINA,Pickens,230
SOUTH CAROLINA,Richland,1983
SOUTH CAROLINA,Saluda,34
SOUTH CAROLINA,Spartanburg,659
SOUTH CAROLINA,Sumter,395
SOUTH CAROLINA,Union,95
SOUTH CAROLINA,York,440
SOUTH CAROLINA,Abbeville,33
SOUTH CAROLINA,Bamberg,23
SOUTH CAROLINA,Barnwell,99
SOUTH CAROLINA,Chesterfield,98
SOUTH CAROLINA,Clarendon,127
SOUTH CAROLINA,Colleton,270
SOUTH CAROLINA,Dillon,155
SOUTH CAROLINA,Greenwood,141
SOUTH CAROLINA,Hampton,43
SOUTH CAROLINA,Lee,68
SOUTH CAROLINA,Marion,88
SOUTH CAROLINA,Newberry,56
SOUTH CAROLINA,Oconee,281
SOUTH CAROLINA,Orangeburg,345
SOUTH DAKOTA,Custer,4
SOUTH DAKOTA,Lincoln,17
SOUTH DAKOTA,McCook,0
SOUTH DAKOTA,Meade,7
SOUTH DAKOTA,Minnehaha,39
SOUTH DAKOTA,Pennington,75
SOUTH DAKOTA,Turner,4
SOUTH DAKOTA,Union,12
SOUTH DAKOTA,Aurora,3
SOUTH DAKOTA,Beadle,4
SOUTH DAKOTA,Bennett,3
SOUTH DAKOTA,Bon Homme,1
SOUTH DAKOTA,Brookings,9
SOUTH DAKOTA,Brown,12
SOUTH DAKOTA,Butte,4
SOUTH DAKOTA,Campbell,0
SOUTH DAKOTA,Charles Mix,14
SOUTH DAKOTA,Clark,3
SOUTH DAKOTA,Clay,6
SOUTH DAKOTA,Codington,5
SOUTH DAKOTA,Corson,0
SOUTH DAKOTA,Davison,1
SOUTH DAKOTA,Deuel,2
SOUTH DAKOTA,Dewey,0
SOUTH DAKOTA,Douglas,3
SOUTH DAKOTA,Edmunds,0
SOUTH DAKOTA,Faulk,0
SOUTH DAKOTA,Hamlin,0
SOUTH DAKOTA,Hand,0
SOUTH DAKOTA,Hanson,2
SOUTH DAKOTA,Harding,0
SOUTH DAKOTA,Hughes,2
SOUTH DAKOTA,Hutchinson,0
SOUTH DAKOTA,Jerauld,0
SOUTH DAKOTA,Lawrence,5
SOUTH DAKOTA,Marshall,11
SOUTH DAKOTA,McPherson,1
SOUTH DAKOTA,Mellette,4
SOUTH DAKOTA,Miner,1
SOUTH DAKOTA,Moody,1
SOUTH DAKOTA,Perkins,1
SOUTH DAKOTA,Potter,0
SOUTH DAKOTA,Roberts,2
SOUTH DAKOTA,Shannon,0
SOUTH DAKOTA,Spink,1
SOUTH DAKOTA,Stanley,4
SOUTH DAKOTA,Sully,0
SOUTH DAKOTA,Tripp,2
SOUTH DAKOTA,Yankton,13
SOUTH DAKOTA,Ziebach,0
TENNESSEE,Anderson,76
TENNESSEE,Blount,297
TENNESSEE,Bradley,187
TENNESSEE,Campbell,39
TENNESSEE,Cannon,10
TENNESSEE,Carter,69
TENNESSEE,Cheatham,100
TENNESSEE,Chester,24
TENNESSEE,Crockett,30
TENNESSEE,Dickson,102
TENNESSEE,Fayette,76
TENNESSEE,Grainger,24
TENNESSEE,Hamblen,107
TENNESSEE,Hamilton,281
TENNESSEE,Hartsville/Trousdale,38
TENNESSEE,Hawkins,90
TENNESSEE,Hickman,82
TENNESSEE,Jefferson,76
TENNESSEE,Knox,534
TENNESSEE,Loudon,71
TENNESSEE,Macon,32
TENNESSEE,Madison,137
TENNESSEE,Marion,40
TENNESSEE,Maury,98
TENNESSEE,Montgomery,141
TENNESSEE,Morgan,36
TENNESSEE,Polk,30
TENNESSEE,Roane,68
TENNESSEE,Robertson,97
TENNESSEE,Rutherford,151
TENNESSEE,Sequatchie,37
TENNESSEE,Shelby,588
TENNESSEE,Smith,35
TENNESSEE,Sullivan,226
TENNESSEE,Sumner,107
TENNESSEE,Tipton,204
TENNESSEE,Unicoi,33
TENNESSEE,Union,45
TENNESSEE,Washington,147
TENNESSEE,Williamson,59
TENNESSEE,Bedford,25
TENNESSEE,Benton,19
TENNESSEE,Bledsoe,10
TENNESSEE,Carroll,32
TENNESSEE,Claiborne,112
TENNESSEE,Clay,8
TENNESSEE,Cocke,113
TENNESSEE,Coffee,72
TENNESSEE,Cumberland,101
TENNESSEE,Decatur,20
TENNESSEE,DeKalb,15
TENNESSEE,Dyer,46
TENNESSEE,Fentress,32
TENNESSEE,Gibson,48
TENNESSEE,Giles,32
TENNESSEE,Greene,138
TENNESSEE,Grundy,31
TENNESSEE,Hancock,9
TENNESSEE,Hardeman,89
TENNESSEE,Hardin,58
TENNESSEE,Haywood,43
TENNESSEE,Henderson,86
TENNESSEE,Henry,55
TENNESSEE,Houston,13
TENNESSEE,Humphreys,25
TENNESSEE,Jackson,22
TENNESSEE,Johnson,73
TENNESSEE,Lake,2
TENNESSEE,Lauderdale,38
TENNESSEE,Lawrence,113
TENNESSEE,Lewis,26
TENNESSEE,Lincoln,61
TENNESSEE,Marshall,34
TENNESSEE,McMinn,82
TENNESSEE,McNairy,71
TENNESSEE,Meigs,37
TENNESSEE,Monroe,93
TENNESSEE,Moore,7
TENNESSEE,Obion,29
TENNESSEE,Overton,40
TENNESSEE,Perry,17
TENNESSEE,Pickett,4
TENNESSEE,Putnam,123
TENNESSEE,Rhea,60
TENNESSEE,Scott,31
TENNESSEE,Sevier,126
TENNESSEE,Stewart,51
TENNESSEE,Van Buren,11
TENNESSEE,Warren,45
TENNESSEE,Wayne,42
TENNESSEE,Weakley,25
TENNESSEE,White,53
TEXAS,Aransas,64
TEXAS,Archer,10
TEXAS,Armstrong,3
TEXAS,Austin,12
TEXAS,Bandera,20
TEXAS,Bastrop,185
TEXAS,Bell,111
TEXAS,Bexar,424
TEXAS,Bowie,106
TEXAS,Brazoria,140
TEXAS,Brazos,53
TEXAS,Burleson,22
TEXAS,Caldwell,24
TEXAS,Callahan,8
TEXAS,Cameron,191
TEXAS,Carson,16
TEXAS,Chambers,80
TEXAS,Clay,13
TEXAS,Collin,52
TEXAS,Comal,214
TEXAS,Coryell,14
TEXAS,Crosby,1
TEXAS,Dallas,47
TEXAS,Denton,52
TEXAS,Ector8,
TEXAS,Ellis,30
TEXAS,El Paso,278
TEXAS,Falls,9
TEXAS,Fort Bend,938
TEXAS,Galveston,147
TEXAS,Goliad,16
TEXAS,Grayson,45
TEXAS,Gregg,86
TEXAS,Guadalupe,69
TEXAS,Hardin,44
TEXAS,Harris,8668
TEXAS,Hays,193
TEXAS,Hidalgo,555
TEXAS,Hood,73
TEXAS,Hudspeth,3
TEXAS,Hunt,164
TEXAS,Irion,1
TEXAS,Jefferson,45
TEXAS,Johnson,70
TEXAS,Jones,10
TEXAS,Kaufman,109
TEXAS,Kendall,19
TEXAS,Lampasas,1
TEXAS,Liberty,196
TEXAS,Lubbock,119
TEXAS,Lynn,0
TEXAS,Martin,11
TEXAS,McLennan,66
TEXAS,Medina,25
TEXAS,Midland,74
TEXAS,Montgomery,597
TEXAS,Newton,9
TEXAS,Nueces,52
TEXAS,Oldham,3
TEXAS,Orange,92
TEXAS,Parker,79
TEXAS,Potter,31
TEXAS,Randall,52
TEXAS,Robertson,4
TEXAS,Rockwall,16
TEXAS,Rusk,84
TEXAS,San Patricio,59
TEXAS,Smith,215
TEXAS,Somervell,6
TEXAS,Tarrant,104
TEXAS,Taylor,44
TEXAS,Tom Green,18
TEXAS,Travis,537
TEXAS,Upshur,50
TEXAS,Victoria,72
TEXAS,Waller,27
TEXAS,Webb,84
TEXAS,Wichita,20
TEXAS,Williamson,141
TEXAS,Wilson,32
TEXAS,Wise,57
TEXAS,Anderson,63
TEXAS,Andrews,14
TEXAS,Angelina,88
TEXAS,Bailey,12
TEXAS,Baylor,0
TEXAS,Bee,33
TEXAS,Blanco,7
TEXAS,Borden,2
TEXAS,Bosque,10
TEXAS,Brewster,7
TEXAS,Briscoe,0
TEXAS,Brooks,2
TEXAS,Brown,14
TEXAS,Burnet,37
TEXAS,Calhoun,8
TEXAS,Camp,6
TEXAS,Cass,59
TEXAS,Castro,5
TEXAS,Cherokee,74
TEXAS,Childress,1
TEXAS,Cochran,5
TEXAS,Coke,1
TEXAS,Collingsworth,1
TEXAS,Colorado,23
TEXAS,Comanche,3
TEXAS,Concho,0
TEXAS,Cottle,0
TEXAS,Crane,1
TEXAS,Crockett,7
TEXAS,Culberson,0
TEXAS,Dallam,1
TEXAS,Dawson,1
TEXAS,Deaf Smith,11
TEXAS,Delta,2
TEXAS,DeWitt,27
TEXAS,Dickens,0
TEXAS,Dimmit,16
TEXAS,Donley,19
TEXAS,Duval,42
TEXAS,Eastland,5
TEXAS,Edwards,2
TEXAS,Erath,19
TEXAS,Fannin,37
TEXAS,Fayette,19
TEXAS,Fisher,11
TEXAS,Floyd,11
TEXAS,Franklin,20
TEXAS,Freestone,13
TEXAS,Frio,4
TEXAS,Gaines,4
TEXAS,Garza,5
TEXAS,Gillespie,6
TEXAS,Glasscock,0
TEXAS,Gonzales,14
TEXAS,Gray,10
TEXAS,Grimes,28
TEXAS,Hale,3
TEXAS,Hall,3
TEXAS,Hamilton,9
TEXAS,Hansford,6
TEXAS,Hardeman,1
TEXAS,Harrison,77
TEXAS,Hartley,0
TEXAS,Haskell,2
TEXAS,Hemphill,16
TEXAS,Henderson,181
TEXAS,Hill,27
TEXAS,Hockley,39
TEXAS,Hopkins,18
TEXAS,Houston,10
TEXAS,Howard,36
TEXAS,Hutchinson,19
TEXAS,Jack,5
TEXAS,Jackson,9
TEXAS,Jasper,76
TEXAS,Jeff Davis,7
TEXAS,Jim Hogg,6
TEXAS,Jim Wells,68
TEXAS,Karnes,12
TEXAS,Kenedy,2
TEXAS,Kent,2
TEXAS,Kerr,42
TEXAS,Kimble,2
TEXAS,King,0
TEXAS,Kinney,0
TEXAS,Kleberg,28
TEXAS,Knox,3
TEXAS,Lamar,39
TEXAS,Lamb,13
TEXAS,La Salle,6
TEXAS,Lavaca,13
TEXAS,Lee,18
TEXAS,Leon,7
TEXAS,Limestone,21
TEXAS,Lipscomb,5
TEXAS,Live Oak,15
TEXAS,Llano,20
TEXAS,Loving,1
TEXAS,Madison,21
TEXAS,Marion,56
TEXAS,Mason,4
TEXAS,Matagorda,57
TEXAS,Maverick,65
TEXAS,McCulloch,1
TEXAS,McMullen,1
TEXAS,Menard,11
TEXAS,Milam,11
TEXAS,Mills,1
TEXAS,Mitchell,1
TEXAS,Montague,10
TEXAS,Moore,2
TEXAS,Morris,21
TEXAS,Motley,0
TEXAS,Nacogdoches,78
TEXAS,Navarro,46
TEXAS,Nolan,4
TEXAS,Ochiltree,5
TEXAS,Palo Pinto,11
TEXAS,Panola,49
TEXAS,Parmer,0
TEXAS,Pecos,8
TEXAS,Polk,103
TEXAS,Presidio,6
TEXAS,Rains,11
TEXAS,Reagan,0
TEXAS,Real,0
TEXAS,Red River,6
TEXAS,Reeves,16
TEXAS,Refugio,13
TEXAS,Roberts,2
TEXAS,Runnels,0
TEXAS,Sabine,33
TEXAS,San Augustine,16
TEXAS,San Jacinto,66
TEXAS,San Saba,5
TEXAS,Schleicher,0
TEXAS,Scurry,10
TEXAS,Shackelford,5
TEXAS,Shelby,39
TEXAS,Sherman,2
TEXAS,Starr,97
TEXAS,Stephens,8
TEXAS,Sterling,3
TEXAS,Stonewall,0
TEXAS,Sutton,1
TEXAS,Swisher,3
TEXAS,Terrell,1
TEXAS,Terry,5
TEXAS,Throckmorton,0
TEXAS,Titus,35
TEXAS,Trinity,20
TEXAS,Upton,1
TEXAS,Uvalde,10
TEXAS,Val Verde,17
TEXAS,Van Zandt,47
TEXAS,Walker,53
TEXAS,Ward,27
TEXAS,Washington,41
TEXAS,Wharton,98
TEXAS,Wheeler,2
TEXAS,Wilbarger,0
TEXAS,Willacy,50
TEXAS,Winkler,2
TEXAS,Wood,38
TEXAS,Yoakum,8
TEXAS,Young,13
TEXAS,Zapata,14
UTAH,Box Elder,6
UTAH,Cache,17
UTAH,Davis,14
UTAH,Juab,6
UTAH,Salt Lake County Unified Police Department,729
UTAH,Tooele,24
UTAH,Utah,43
UTAH,Washington,18
UTAH,Weber,43
UTAH,Beaver,3
UTAH,Daggett,1
UTAH,Duchesne,24
UTAH,Emery,17
UTAH,Grand,4
UTAH,Iron,31
UTAH,Kane,4
UTAH,Millard,33
UTAH,Rich,2
UTAH,San Juan,9
UTAH,Sanpete,6
UTAH,Sevier,8
UTAH,Summit,33
UTAH,Uintah,29
UTAH,Wasatch,13
VERMONT,Chittenden,0
VERMONT,Franklin,10
VERMONT,Grand Isle,5
VERMONT,Addison,8
VERMONT,Caledonia,0
VERMONT,Lamoille,7
VERMONT,Orange,3
VERMONT,Rutland,2
VERMONT,Washington,0
VIRGINIA,Albemarle County Police Department,94
VIRGINIA,Amelia,10
VIRGINIA,Amherst,37
VIRGINIA,Appomattox,12
VIRGINIA,Arlington County Police Department,313
VIRGINIA,Augusta,98
VIRGINIA,Bedford,52
VIRGINIA,Botetourt,32
VIRGINIA,Buckingham,21
VIRGINIA,Campbell,80
VIRGINIA,Charles City,5
VIRGINIA,Chesterfield County Police Department,414
VIRGINIA,Clarke,3
VIRGINIA,Craig,1
VIRGINIA,Culpeper,30
VIRGINIA,Fairfax County Police Department,958
VIRGINIA,Fauquier,26
VIRGINIA,Floyd,6
VIRGINIA,Fluvanna,20
VIRGINIA,Franklin,51
VIRGINIA,Frederick,89
VIRGINIA,Giles,19
VIRGINIA,Gloucester,36
VIRGINIA,Goochland,25
VIRGINIA,Greene,18
VIRGINIA,Hanover,107
VIRGINIA,Henrico County Police Department,499
VIRGINIA,Isle of Wight,38
VIRGINIA,James City County Police Department,83
VIRGINIA,King William,6
VIRGINIA,Loudoun,221
VIRGINIA,Mathews,1
VIRGINIA,Montgomery,42
VIRGINIA,Nelson,9
VIRGINIA,New Kent,18
VIRGINIA,Powhatan,20
VIRGINIA,Prince George County Police Department,42
VIRGINIA,Prince William County Police Department,761
VIRGINIA,Pulaski,52
VIRGINIA,Roanoke County Police Department,114
VIRGINIA,Rockingham,63
VIRGINIA,Scott,15
VIRGINIA,Spotsylvania,213
VIRGINIA,Stafford,242
VIRGINIA,Sussex,6
VIRGINIA,Warren,19
VIRGINIA,Washington,48
VIRGINIA,York,94
VIRGINIA,Accomack,69
VIRGINIA,Alleghany,16
VIRGINIA,Bath,0
VIRGINIA,Bland,2
VIRGINIA,Brunswick,15
VIRGINIA,Buchanan,34
VIRGINIA,Carroll,27
VIRGINIA,Cumberland,14
VIRGINIA,Dickenson,12
VIRGINIA,Essex,15
VIRGINIA,Grayson,17
VIRGINIA,Greensville,10
VIRGINIA,Halifax,32
VIRGINIA,Henry,115
VIRGINIA,Highland,0
VIRGINIA,King and Queen,3
VIRGINIA,King George,29
VIRGINIA,Lancaster,13
VIRGINIA,Lee,30
VIRGINIA,Louisa,61
VIRGINIA,Lunenburg,9
VIRGINIA,Madison,10
VIRGINIA,Mecklenburg,56
VIRGINIA,Northampton,6
VIRGINIA,Northumberland,12
VIRGINIA,Nottoway,15
VIRGINIA,Orange,21
VIRGINIA,Page,16
VIRGINIA,Patrick,18
VIRGINIA,Pittsylvania,38
VIRGINIA,Prince Edward,34
VIRGINIA,Richmond,10
VIRGINIA,Rockbridge,19
VIRGINIA,Russell,39
VIRGINIA,Shenandoah,52
VIRGINIA,Smyth,24
VIRGINIA,Southampton,19
VIRGINIA,Surry,14
VIRGINIA,Tazewell,65
VIRGINIA,Westmoreland,19
VIRGINIA,Wise,47
VIRGINIA,Wythe,16
district of columbia,Washington,7810
WASHINGTON,Asotin,16
WASHINGTON,Benton,43
WASHINGTON,Chelan,37
WASHINGTON,Clark,298
WASHINGTON,Columbia,0
WASHINGTON,Cowlitz,69
WASHINGTON,Douglas,19
WASHINGTON,Franklin,23
WASHINGTON,King,419
WASHINGTON,Kitsap,366
WASHINGTON,Pend Oreille,8
WASHINGTON,Pierce,1084
WASHINGTON,Skagit,108
WASHINGTON,Skamania,12
WASHINGTON,Snohomish,438
WASHINGTON,Spokane,172
WASHINGTON,Stevens,35
WASHINGTON,Thurston,225
WASHINGTON,Walla Walla,21
WASHINGTON,Whatcom,126
WASHINGTON,Yakima,98
WASHINGTON,Adams,16
WASHINGTON,Clallam,54
WASHINGTON,Ferry,7
WASHINGTON,Garfield,2
WASHINGTON,Grant,103
WASHINGTON,Grays Harbor,55
WASHINGTON,Island,41
WASHINGTON,Jefferson,30
WASHINGTON,Kittitas,11
WASHINGTON,Klickitat,4
WASHINGTON,Lewis,51
WASHINGTON,Lincoln,7
WASHINGTON,Mason,101
WASHINGTON,Okanogan,44
WASHINGTON,Pacific,22
WASHINGTON,San Juan,7
WASHINGTON,Wahkiakum,1
WASHINGTON,Whitman,3
WEST VIRGINIA,Berkeley,79
WEST VIRGINIA,Boone,9
WEST VIRGINIA,Brooke,5
WEST VIRGINIA,Cabell,16
WEST VIRGINIA,Fayette,63
WEST VIRGINIA,Hampshire,41
WEST VIRGINIA,Hancock,12
WEST VIRGINIA,Kanawha,180
WEST VIRGINIA,Marshall,33
WEST VIRGINIA,Mineral,32
WEST VIRGINIA,Monongalia,62
WEST VIRGINIA,Ohio,26
WEST VIRGINIA,Preston,18
WEST VIRGINIA,Putnam,221
WEST VIRGINIA,Raleigh,120
WEST VIRGINIA,Wayne,14
WEST VIRGINIA,Wirt,3
WEST VIRGINIA,Wood,54
WEST VIRGINIA,Braxton,4
WEST VIRGINIA,Grant,1
WEST VIRGINIA,Hardy,10
WEST VIRGINIA,Harrison,54
WEST VIRGINIA,Jackson,42
WEST VIRGINIA,Lewis,0
WEST VIRGINIA,Logan,108
WEST VIRGINIA,Marion,66
WEST VIRGINIA,Mason,11
WEST VIRGINIA,Mingo,16
WEST VIRGINIA,Monroe,4
WEST VIRGINIA,Morgan,54
WEST VIRGINIA,Nicholas,152
WEST VIRGINIA,Pleasants,3
WEST VIRGINIA,Randolph,19
WEST VIRGINIA,Ritchie,3
WEST VIRGINIA,Roane,15
WEST VIRGINIA,Tyler,9
WEST VIRGINIA,Upshur,1
WEST VIRGINIA,Wetzel,2
WEST VIRGINIA,Wyoming,103
WISCONSIN,Brown,93
WISCONSIN,Calumet,9
WISCONSIN,Chippewa,37
WISCONSIN,Columbia,36
WISCONSIN,Dane,44
WISCONSIN,Douglas,12
WISCONSIN,Eau Claire,20
WISCONSIN,Fond du Lac,40
WISCONSIN,Green,10
WISCONSIN,Iowa,18
WISCONSIN,Kenosha,33
WISCONSIN,Kewaunee,3
WISCONSIN,La Crosse,10
WISCONSIN,Marathon,19
WISCONSIN,Milwaukee,20
WISCONSIN,Outagamie,19
WISCONSIN,Ozaukee,16
WISCONSIN,Pierce,15
WISCONSIN,Racine,16
WISCONSIN,Rock,41
WISCONSIN,Sheboygan,22
WISCONSIN,St. Croix,18
WISCONSIN,Washington,27
WISCONSIN,Waukesha,55
WISCONSIN,Winnebago,31
WISCONSIN,Adams,40
WISCONSIN,Ashland,14
WISCONSIN,Barron,3
WISCONSIN,Bayfield,18
WISCONSIN,Buffalo,0
WISCONSIN,Burnett,31
WISCONSIN,Clark,7
WISCONSIN,Crawford,12
WISCONSIN,Dodge,23
WISCONSIN,Door,8
WISCONSIN,Dunn,26
WISCONSIN,Florence,3
WISCONSIN,Forest,20
WISCONSIN,Grant,12
WISCONSIN,Green Lake,5
WISCONSIN,Iron,2
WISCONSIN,Jackson,13
WISCONSIN,Jefferson,12
WISCONSIN,Juneau,32
WISCONSIN,Lafayette,0
WISCONSIN,Langlade,6
WISCONSIN,Lincoln,17
WISCONSIN,Manitowoc,24
WISCONSIN,Marinette,7
WISCONSIN,Marquette,2
WISCONSIN,Menominee,0
WISCONSIN,Monroe,8
WISCONSIN,Oneida,45
WISCONSIN,Pepin,5
WISCONSIN,Polk,83
WISCONSIN,Portage,17
WISCONSIN,Price,8
WISCONSIN,Richland8,0
WISCONSIN,Rusk,16
WISCONSIN,Sauk,15
WISCONSIN,Sawyer,26
WISCONSIN,Shawano,13
WISCONSIN,Taylor,20
WISCONSIN,Trempealeau,11
WISCONSIN,Vernon,15
WISCONSIN,Vilas,8
WISCONSIN,Walworth,14
WISCONSIN,Washburn,22
WISCONSIN,Waupaca,21
WISCONSIN,Waushara,15
WISCONSIN,Wood,1
WYOMING,Laramie,62
WYOMING,Natrona,40
WYOMING,Albany,9
WYOMING,Big Horn,3
WYOMING,Campbell,33
WYOMING,Carbon,17
WYOMING,Converse,7
WYOMING,Crook,7
WYOMING,Fremont,25
WYOMING,Goshen,21
WYOMING,Hot Springs,1
WYOMING,Johnson,2
WYOMING,Lincoln,7
WYOMING,Park,27
WYOMING,Platte,2
WYOMING,Sheridan,6
WYOMING,Sublette,10
WYOMING,Sweetwater,36
WYOMING,Uinta,0
WYOMING,Washakie,4
WYOMING,Weston,5
1 The figures shown in this column for the offense of rape were reported using the revised Uniform Crime Reporting (UCR) definition of rape.  See Data Declaration for further explanation.,,
2 The figures shown in this column for the offense of rape were reported using the legacy UCR definition of rape.  See Data Declaration for further explanation.,,
3 The FBI does not publish arson data unless it receives data from either the agency or the state for all 12 months of the calendar year.,,
"4 This agency began the year submitting rape data classified according to the legacy UCR definition.  However, at some point during the calendar year, the agency modified its reporting methods and began classifying and submitting rape offenses according to the revised UCR definition of rape.  See Data Declaration for further explanation.",,
5 The Tulare County Highway Patrol collects the motor vehicle thefts for this county.  These data can be found in Table 11.,,
"6 Because of changes in the state/local agency's reporting practices, figures are not comparable to previous years' data.",,
"7 The FBI determined that the agency's data were overreported.  Consequently, those data are not included in this table.",,
"8 The FBI determined that the agency's data were underreported.  Consequently, those data are not included in this table.",,